nome,email,telefone,endereco
David Barrett,torrescharles@example.org,826.745.2807x8173,"24742 Savage Ports Apt. 986, Christymouth, PA 28549"
Victoria Freeman,campbellpaul@example.com,2724548442,"1030 Shaw Unions Suite 297, New Michaelbury, MP 24160"
Kendra Spencer,blackronald@example.com,(768)382-0428,"83759 Moreno Estates, Dianaville, HI 45137"
Dr. Kyle Mitchell,jameswhite@example.org,001-694-597-2119x56499,"2894 Mike Mountain, Tiffanyside, HI 61672"
Alexandra Snyder,morajeremiah@example.com,(269)750-0141x4574,"534 Price Gateway, North Bryan, KS 26986"
Randy Taylor,millerrandy@example.com,234-679-5671,"495 Chapman Spring, Atkinsbury, VA 67213"
Mrs. Caitlin Williams DDS,perrypatrick@example.com,(264)788-0351x4166,"15279 Thomas Hills Suite 175, Lloydland, IL 12635"
Susan Patel,nicholas50@example.net,+1-860-942-5279,"224 Smith Branch Suite 300, Walkerside, VA 44939"
Robin Cowan,carlos77@example.net,+1-330-301-4688x710,"639 Becky Garden Suite 100, Lake Natalie, MH 17375"
Robert Ramirez,stevensjames@example.net,858.577.4294,"92501 Ayala Turnpike Suite 752, Oneillland, UT 52472"
Cindy Boone,hernandezkristina@example.net,5269156707,"20569 Richard Mountain Suite 088, Karenland, MP 25038"
Stephanie Williams,richaaron@example.com,(380)289-9881x7566,"2175 Jacob Divide Suite 280, South Teresa, CT 68329"
Richard Brown,bwhite@example.net,6878311494,"76595 Sutton Grove, Christensenshire, MO 67692"
Lauren Stokes,vharper@example.com,+1-803-325-8596x387,"38058 Little Field, New Victoria, OK 84683"
Larry Brown,nadams@example.net,536.651.2316x17285,"34351 Holt Drive, Herrerafort, PA 61891"
Linda Solomon,yweiss@example.com,280-997-2005x7373,"805 Jones Coves Apt. 293, South Timothyshire, MN 01338"
Dr. Craig Wood,markramos@example.org,001-903-508-8863x0509,"877 Taylor Overpass, South Charlesberg, AZ 69781"
Melissa Jordan,charlessmith@example.org,5835425525,"87109 Shannon Forks, North Alexishaven, MT 22318"
Brittney Black,whiteamber@example.net,558-420-2697,"603 Turner Squares, South Michelleton, HI 86553"
David Wong,morsejennifer@example.net,5336306176,"110 Brad River Apt. 340, Lake Ivan, FL 12224"
Elizabeth Smith,tiffany42@example.net,(900)833-7155,"5698 Gutierrez Mountain, Jamiefurt, PR 05919"
Lisa Reyes,wray@example.net,5989872530,"4464 Vanessa Summit Suite 814, Donnamouth, NY 35809"
Clinton Gardner,moconnor@example.com,860-726-4141x7922,"69325 Natalie Groves Suite 935, Lake Patrick, OR 13087"
Andrea French,keith44@example.com,+1-810-593-3204,"04588 Amber Road, Lake Madelineborough, RI 93558"
Mario Lewis,ramseymichelle@example.net,202.267.2072x03087,"104 Pamela View Suite 052, Jeremyberg, ME 40396"
Jason Wilson,raylong@example.com,715-663-0572,"727 Brown Center Apt. 502, Parksland, MA 23416"
Alicia Dickerson,brucemartin@example.net,001-462-747-8083x72135,"USNV Lawrence, FPO AA 39024"
John Mejia,erikluna@example.org,452-695-3868x28014,"PSC 2535, Box 4923, APO AP 04201"
Douglas Koch,barnesangela@example.com,853-896-7566,"527 Tyler Track Suite 967, Jacksonburgh, OH 43383"
Ashley Walls,christopherroman@example.com,+1-748-226-3604x0447,"919 Allen Gateway Suite 042, Amystad, CA 09278"
James Mason,masseykevin@example.com,728-866-7660,"6330 Michael Lane, Ryanville, AK 40575"
Sabrina Anderson,rebecca32@example.net,8122231399,"05773 Reyes Forges Apt. 925, Gomezview, CA 47068"
Katherine Moss,amanda80@example.com,396-799-7278,"31351 Gregory Port Apt. 521, Kennethmouth, DC 73335"
Christina Whitehead,nortonnicholas@example.org,891-721-9424,"164 Cynthia Plains, Lake Eric, SC 42652"
Steven Martin,rebekah17@example.net,001-907-754-2982x45256,"253 Oliver Burg, West Tylerhaven, VA 95928"
Hannah Gray,hlowe@example.org,(738)342-8359,"2013 Marie Loop Suite 614, Lake Susan, MT 75128"
Debra White,wcook@example.org,694-508-6013x7571,"127 Todd Brook, Millerview, MI 81109"
Joseph Stephens,grossmelody@example.com,979-314-6701x245,"0094 Reilly Plaza Suite 029, North Matthewberg, ID 41888"
Daniel Mccoy,christianhall@example.net,(428)545-6487,"09996 Tyler Ports, Port Kaitlinmouth, IA 25349"
Ryan Garza,codybrooks@example.net,502.538.6056x3837,"799 Giles Landing Apt. 563, Mitchellfurt, AS 49534"
Kenneth Jensen,brandonjackson@example.org,+1-856-491-4147x5972,"72662 Christine Springs, Hubbardside, PW 02876"
Traci Silva,mason63@example.org,+1-666-569-5032,"323 Berg Rapid, North Karafort, NM 79845"
Sean Jackson,gsmith@example.net,999-201-6978x5095,"832 Thomas Bypass Apt. 097, West John, KY 48164"
Cody Berry,garnertyler@example.com,+1-905-226-8103x6179,"484 Hughes Unions Suite 931, West Patriciaton, MN 28194"
Laura Thompson DVM,nathan89@example.net,677.559.8155x89891,"116 Moore Skyway, East Coreymouth, WY 60670"
Christine Wilson,dana94@example.net,2102279168,"050 Arnold Trail Apt. 079, Lake Hannah, CA 85363"
Mary Davis,ortizcynthia@example.com,+1-556-295-9337,"681 Chloe Lock, Port Jodytown, OK 35459"
Brian Robertson,danielle01@example.org,001-884-833-0595x079,"7813 Karl Route Suite 574, East Nicolestad, SC 56470"
David Hawkins,connormills@example.net,(515)898-8162x143,"706 Moreno Shore Apt. 576, Gallagherburgh, WI 81276"
Craig Herrera,kwu@example.org,506-301-1228x05378,"5793 David Place Suite 058, Lake Teresa, AZ 49934"
Gregory Wise,ctaylor@example.org,(735)436-6070,"704 Kayla Lane, South Gwendolyn, ME 01655"
Charles Carey,connor63@example.org,924.674.4549,"426 Stephen Island, Rodriguezhaven, UT 67374"
Joshua Stokes,shannon32@example.org,211.244.3980x868,"9720 Mason Overpass, West Rachel, IN 21442"
Christopher Frazier,joan38@example.com,001-843-670-4893x30891,"Unit 6690 Box 6766, DPO AE 37399"
Matthew Fernandez,laurie57@example.net,(823)514-7110,"211 Aaron Hill Suite 445, West Monicafurt, PA 89921"
Christina Campbell,stephensvicki@example.net,(930)735-2754,"662 Goodwin Ford Apt. 498, Nicholasmouth, CT 05579"
Deanna Wu,scharles@example.com,001-385-818-4354,"02888 April Circles, Hammondview, OR 47727"
Herbert Rivas,smithmark@example.org,001-828-334-7768x5960,"0359 Zachary Drive Suite 918, Garciaton, IN 02132"
Jeffrey Nelson,davidsonjacob@example.org,001-587-672-8263x811,"72018 Donald Shoal Apt. 047, Charlesfurt, MP 96140"
Denise Schneider,glennhudson@example.net,+1-291-299-8288,"96241 Sharon Crest Suite 914, Angelafurt, GA 32244"
Mrs. Laurie Hill,swilliamson@example.net,955-995-3828,"4018 Carney Tunnel Suite 386, Lake Lindsey, GA 74523"
Charles Lewis,karen24@example.org,+1-884-605-6222x10367,"PSC 1269, Box 4695, APO AA 10209"
Rachel Miller,mckenzienatalie@example.org,001-225-968-1458,"910 Mark Corners, Smithstad, AZ 86831"
Rebecca Moore,melindalittle@example.org,518.490.0447,"30535 Holmes Locks, West Derrickshire, WA 06369"
Anthony Park,daniel11@example.org,(666)646-9922x5992,"Unit 3590 Box 2935, DPO AE 35027"
Christopher Morrison,chavezmelissa@example.org,001-583-737-4365x0055,"8389 Matthew Union Apt. 653, New Jennifer, SC 78462"
Kimberly Spears,smerritt@example.com,+1-426-902-6850x1688,"09989 Hernandez Green Suite 744, New Joseph, UT 49795"
Matthew Miller,kaylacarpenter@example.net,001-658-778-9784x753,"382 Theodore Parkway Apt. 186, West Madison, PA 47887"
Angela Williams,bberry@example.net,569-985-0267x06918,"058 Caroline Courts Suite 093, New Erin, VT 87932"
Destiny Ruiz,elizabethhodges@example.org,(519)715-4608x34377,"1205 Shannon Plain Apt. 383, Robertstad, WV 28774"
Nicholas Fox,opugh@example.org,573.486.6216x89507,"323 Rodgers Unions, Reyesberg, VA 59145"
Karen Lowe,jonathan51@example.net,839.535.2808x0653,"6300 Robert Crest, Perrymouth, SD 27606"
Dr. Scott Scott,kochjeff@example.org,+1-714-708-8099x9010,"8252 Jones Greens, Patelhaven, FM 86572"
Sandra Rodriguez,joe15@example.com,(213)670-8503x08141,"676 Vanessa Spurs Apt. 117, Briantown, SC 13062"
Courtney Mccarty,nlogan@example.org,(796)786-5103x55054,"7301 Myers Summit, West Timothy, AR 12444"
Nathan Nelson,jwilliams@example.net,631.355.7463,"PSC 8697, Box 6717, APO AA 67781"
Christopher Mueller,andersonstephen@example.net,561.342.9936x4009,"82780 Williams Squares, Marissaland, NC 63693"
Nancy Butler,watkinsvictoria@example.org,705.280.3251x9951,"180 Jones Turnpike Apt. 453, Smithborough, OH 80141"
Joshua Hoffman,janice58@example.net,(805)288-7542x7165,"23164 Robert Manors Suite 152, Johnsonburgh, VA 38586"
Tyler Herman,paulwalker@example.com,808.613.5420,"18741 Meredith Lights, East Tiffany, ME 26527"
Taylor Miller,wsimmons@example.net,(259)485-1452x0510,"36490 Douglas Club, West Aaronborough, AK 11410"
Brandon Hudson,tpatterson@example.com,+1-977-648-5019x72102,"629 Oconnor Courts, Garytown, VA 36466"
Pamela Johnson,michaelbrowning@example.net,2768910667,"5104 Harper Crescent, Brewerburgh, CT 61598"
David Reyes,daughertyteresa@example.net,692-534-1403x571,"828 Bobby Mews, Port David, GU 71877"
Rachel Bowman,christopherflores@example.net,(495)769-7710,"USNS Sandoval, FPO AP 71267"
Kenneth Johnson,rmelton@example.net,773.578.8368,"3775 Robert Harbors, North Kristen, FL 13450"
Nathan Cooper,stephensonmarissa@example.org,6087104205,"09623 Delgado Circles Suite 690, Port Angelastad, MO 72306"
James Wilson,wdavis@example.org,229-840-2427,"5931 Wells Drive Apt. 393, Rileyfurt, WA 67849"
Bill Owen,kingkent@example.net,001-425-495-5793,"4844 Suzanne Mission, Destinystad, OR 82988"
Amanda Fuller,angelajones@example.net,(997)687-9257x536,"09452 Rodriguez Skyway, Jeffreystad, KS 35477"
Gabriel Mason,adamglover@example.net,(820)352-6249,"24327 Jeff Port Apt. 901, Kelseyhaven, NM 73026"
Joshua Ramirez,hortonjudith@example.net,507-572-9699,"262 Michael Village, North Mark, FM 57178"
Richard Wilson,qfreeman@example.net,(802)567-7985x60088,"30554 Long Inlet Apt. 003, Oconnorshire, IN 79733"
David Estrada,igonzalez@example.com,825.847.8388x19431,"33926 Scott Forest, Katelynstad, NE 57137"
Steven Murphy,hwarren@example.org,001-255-602-4625x8144,"8218 Baker Divide Apt. 273, Port Connietown, OR 50416"
Dylan Wolfe,sarahjohnson@example.org,968.287.9876x460,"44261 Sweeney Brooks Apt. 633, Derrickmouth, MT 99574"
Andre Brewer,vasquezheather@example.org,+1-893-355-4037,"05581 Samantha Flat Apt. 743, South Leslie, RI 13477"
Ryan Wilson MD,julia29@example.net,684.259.5467x6963,"21322 Hoffman Fords Suite 558, North Elizabethland, NC 39059"
Amanda Joyce,fletcheranthony@example.org,001-505-317-4673,"PSC 9248, Box 8068, APO AE 83700"
Robert Humphrey,andersonian@example.org,421-306-5933x83758,"1903 Becky Expressway Apt. 829, Harrisville, MT 92175"
